Timestamp;Age;Gender;favourite;medium ;list :
11/27/2020 11:15:59;21;;;;Fast and Furious, Captain America, Avenger - End Game, Top Gun, Interstellar, Pirates of the Caribbean, Five Feet Apart, The Fault in Our Stars, The Dark Knight, Joker, The Pursuit of Happiness, Legend, Titanic, The Godfather, Mission Impossible, Matrix Reloaded, Jurassic Park, Deep Blue Sea, Home Alone, Final Destination, 127 hours, Godzilla, Shawshank Redemption, The good, the bad, the ugly, The Wolf of Wall Street, Charlie and the Chocolate Factory
11/27/2020 11:16:07;21;;;;Fast and Furious, Gravity, Captain America, Avenger - End Game, Top Gun, Pirates of the Caribbean, The Dark Knight, Joker, Legend, Titanic, The Godfather, Mission Impossible, Lord of the Rings, Matrix Reloaded, Jurassic Park, Home Alone, Jumanji, Final Destination, 127 hours, Godzilla, Shawshank Redemption, Once upon a time in Mexico, The good, the bad, the ugly, The Wolf of Wall Street, Charlie and the Chocolate Factory
11/27/2020 11:17:44;21;;;;Fast and Furious, Titanic, Home Alone, Charlie and the Chocolate Factory
11/27/2020 11:19:07;24;;;;Contagion, Fast and Furious, Gravity, Captain America, Avenger - End Game, Top Gun, Interstellar, Pirates of the Caribbean, The Fault in Our Stars, The Dark Knight, Joker, The Pursuit of Happiness, Legend, Titanic, The Godfather, 7 pounds, Mission Impossible, Lord of the Rings, Matrix Reloaded, Jurassic Park, Deep Blue Sea, Home Alone, Jumanji, Final Destination, 127 hours, Godzilla, Shawshank Redemption, Once upon a time in Mexico, The good, the bad, the ugly, The Wolf of Wall Street, Charlie and the Chocolate Factory
11/27/2020 11:19:14;23;;;;Fast and Furious, Captain America, Avenger - End Game, Top Gun, Pirates of the Caribbean, Five Feet Apart, The Fault in Our Stars, The Dark Knight, The Godfather, Mission Impossible, Lord of the Rings, Jurassic Park, Deep Blue Sea, Home Alone, Jumanji, Final Destination, Godzilla, The Wolf of Wall Street, Charlie and the Chocolate Factory
11/27/2020 11:21:03;22;;;;Fast and Furious, Captain America, Avenger - End Game, Interstellar, Pirates of the Caribbean, The Dark Knight, Titanic, Lord of the Rings, Jurassic Park, Shawshank Redemption, The Wolf of Wall Street
11/27/2020 11:22:30;23;;;;Interstellar, The Fault in Our Stars, Titanic, Lord of the Rings, Home Alone, Jumanji, Final Destination, Shawshank Redemption, Charlie and the Chocolate Factory
11/27/2020 11:22:56;22;;;;No movies
11/27/2020 11:23:33;21;;;;Fast and Furious, Gravity, Avenger - End Game, Five Feet Apart, The Fault in Our Stars, The Dark Knight, Joker, The Pursuit of Happiness, Titanic, Mission Impossible, Jurassic Park, Deep Blue Sea, Home Alone, Jumanji, Final Destination, Godzilla, The Wolf of Wall Street
11/27/2020 11:25:17;21;;;;Fast and Furious, Gravity, Avenger - End Game, Interstellar, Five Feet Apart, The Fault in Our Stars, The Dark Knight, Joker, The Pursuit of Happiness, Titanic, 7 pounds, Mission Impossible, Home Alone, Final Destination, 127 hours, Charlie and the Chocolate Factory
11/27/2020 11:30:12;21;;;;Fast and Furious, Captain America, Avenger - End Game, Titanic, Mission Impossible, Jurassic Park, Deep Blue Sea, Home Alone, Jumanji, Final Destination, Twilight, The Darkest Hour, Vampire Academy, Harry Potter
11/27/2020 11:31:46;20;;;;Jurassic Park, Home Alone, Jumanji, Charlie and the Chocolate Factory
11/27/2020 11:35:28;23;;;;Mission Impossible, Jurassic Park, Deep Blue Sea, Jumanji, Godzilla
11/27/2020 11:35:38;23;;;;Mission Impossible, Jurassic Park, Deep Blue Sea, Jumanji, Godzilla
11/27/2020 11:38:24;19;;;;Fast and Furious, Pirates of the Caribbean, The Dark Knight, Joker, Titanic, Lord of the Rings, Jurassic Park, Deep Blue Sea, Godzilla, Charlie and the Chocolate Factory
11/27/2020 11:52:35;22;;;;Fast and Furious, Five Feet Apart, The Dark Knight, Titanic
11/27/2020 11:55:52;20;;;;Five Feet Apart, The midnight sun 
11/27/2020 11:58:37;22;;;;Fast and Furious, Captain America, Avenger - End Game, Pirates of the Caribbean, The Fault in Our Stars, The Dark Knight, Joker, Titanic, Mission Impossible, Lord of the Rings, Matrix Reloaded, Jurassic Park, Deep Blue Sea, Home Alone, Jumanji, Final Destination, Godzilla, Shawshank Redemption, Charlie and the Chocolate Factory
11/27/2020 11:59:32;22;;;;Fast and Furious, Avenger - End Game, Pirates of the Caribbean, The Fault in Our Stars, The Dark Knight, Joker, Titanic, The Godfather, Lord of the Rings, Jurassic Park, Deep Blue Sea, Home Alone, Jumanji, Final Destination, Godzilla
11/27/2020 12:00:56;21;;;;Joker, Titanic
11/27/2020 12:03:47;21;;;;Contagion, Fast and Furious, Five Feet Apart, Titanic, Mission Impossible, Lord of the Rings
11/27/2020 12:25:12;21;;;;Fast and Furious, Avenger - End Game, Interstellar, Pirates of the Caribbean, The Dark Knight, Joker, Titanic, Mission Impossible, Lord of the Rings, Jurassic Park, Jumanji, Once upon a time in Mexico, The Wolf of Wall Street, Charlie and the Chocolate Factory
11/27/2020 12:38:54;22;;;;Fast and Furious, Gravity, Captain America, Avenger - End Game, Titanic, Lord of the Rings, Jurassic Park, Deep Blue Sea, Final Destination, Godzilla
11/27/2020 12:41:53;21;;;;Joker, Home Alone, Jumanji
11/27/2020 13:24:22;23;;;;Contagion, Fast and Furious, Captain America, Pirates of the Caribbean, The Dark Knight, Joker, Titanic, Mission Impossible, Lord of the Rings, Jurassic Park, Deep Blue Sea, Home Alone, Jumanji, Final Destination, Godzilla, Charlie and the Chocolate Factory, The Meg, the shallow, 47 meter down, Jaws, HEREDITARY, A QUITE PLACE, THE CONJURING,INSIDIOUS, SAW, LIGHTS OUT, ANNABELLE, HAPPY DEATH DAY,IT,THE NUN, DEATH NOTE, DEADPOOL, SPIDER MAN, HARRY POTTER, BABY DRIVER, MAZE RUNNER,VENOM, THE HUNGER GAME, MY SPY, ALITA BATTLE ANGEL as well as ANIMATED MOVIES etc
11/27/2020 14:34:07;23;;;;Fast and Furious, Captain America, Avenger - End Game, Pirates of the Caribbean, The Dark Knight, Joker, The Pursuit of Happiness, Legend, Titanic, Mission Impossible, Lord of the Rings, Matrix Reloaded, Jurassic Park, Home Alone, Jumanji, Final Destination, Godzilla, The Wolf of Wall Street, Many others
11/27/2020 14:35:51;24;;;;Fast and Furious, Captain America, Avenger - End Game, Pirates of the Caribbean, The Dark Knight, Joker, The Pursuit of Happiness, Titanic, The Godfather, Mission Impossible, Lord of the Rings, Matrix Reloaded, Jurassic Park, Deep Blue Sea, Home Alone, Jumanji, Final Destination, Godzilla, Charlie and the Chocolate Factory
11/27/2020 14:36:37;21;;;;The Dark Knight, Titanic, Home Alone, The Wolf of Wall Street
11/27/2020 14:38:59;22;;;;Pirates of the Caribbean, Five Feet Apart, The Fault in Our Stars, Joker, The Pursuit of Happiness, Titanic, Jurassic Park, Home Alone, The Wolf of Wall Street
11/27/2020 14:41:25;22;;;;Joker, Titanic, Jurassic Park, Deep Blue Sea, Home Alone, Jumanji, Final Destination, Godzilla, Charlie and the Chocolate Factory
11/27/2020 15:31:50;21;;;;Captain America, Avenger - End Game, The Conjuring, Joker, Mission Impossible, Lord of the Rings, Jurassic Park, Interstellar, Home Alone, Jumanji, Final Destination, Godzilla, The Wolf of Wall Street, Charlie and the Chocolate Factory
11/27/2020 15:35:18;21;;;;Captain America, Avenger - End Game, Guardians of the Galaxy, The Conjuring, The Dark Knight, Joker, John Wick, The Godfather, Mission Impossible, Lord of the Rings, Gravity, Jurassic Park, Home Alone, Jumanji, Final Destination, Godzilla, Charlie and the Chocolate Factory
11/27/2020 15:38:19;21;;;;Avenger - End Game, The Conjuring, The Dark Knight, Mission Impossible, Lord of the Rings, Jurassic Park, Home Alone, Jumanji, Final Destination, Godzilla, Charlie and the Chocolate Factory
11/27/2020 15:39:35;21;;;;Avenger - End Game, Home Alone, Whoever made this list has a bad taste in movies.
11/27/2020 15:41:11;23;;;;Joker, Home Alone, Charlie and the Chocolate Factory, Imitation Game
11/27/2020 15:45:58;32;;;;Avenger - End Game, Mission Impossible, Lord of the Rings, Gravity, Jurassic Park, Interstellar, Home Alone, Jumanji, 127 hours, Godzilla, The Wolf of Wall Street, Charlie and the Chocolate Factory
11/27/2020 15:58:54;27;;;;Gone Girl, Inception, Captain America, Avenger - End Game, Guardians of the Galaxy, The Conjuring, The Dark Knight, Joker, The Godfather, Mission Impossible, Lord of the Rings, Interstellar, Home Alone, Jumanji, Shawshank Redemption, The good, the bad, the ugly, The Wolf of Wall Street, Charlie and the Chocolate Factory
11/27/2020 16:23:49;22;;;;Silly
11/27/2020 16:58:14;21;;;;The Conjuring, Mission Impossible, Gravity, Jurassic Park, Home Alone, Jumanji, Final Destination, Godzilla, Charlie and the Chocolate Factory, deep blue sea, the meg ,house of wax, Anabelle, IT Chapter 2,aqauamen,harrypotterthe  stone, journey to the center  of the earth, the hollow man
11/27/2020 17:27:58;25;Male;Oculus and hangover ;Netflix;Inception, Captain America, Avenger - End Game, Logan, Guardians of the Galaxy, The Conjuring, The Dark Knight, Joker, John Wick, The Godfather, Mission Impossible, Lord of the Rings, Gravity, Jurassic Park, Interstellar, Home Alone, Jumanji, Final Destination, 127 hours, Godzilla, Shawshank Redemption, The Wolf of Wall Street, Charlie and the Chocolate Factory
11/27/2020 17:29:09;26;Male;Paa ;See on ptv;Mission Impossible
11/27/2020 17:32:55;25;Male;Now you see me;Netflix;Gone Girl, Inception, Captain America, Avenger - End Game, Logan, Guardians of the Galaxy, The Conjuring, The Dark Knight, John Wick, The Godfather, 7 pounds, Mission Impossible, Lord of the Rings, Gravity, Jurassic Park, Interstellar, Home Alone, Jumanji, Godzilla, Shawshank Redemption
11/27/2020 17:36:50;25;Male;Interstellar ;Torrent Sites;Inception, Captain America, Avenger - End Game, Logan, Guardians of the Galaxy, The Conjuring, The Dark Knight, Joker, The Godfather, Mission Impossible, Lord of the Rings, Gravity, Jurassic Park, Interstellar, Home Alone, Jumanji, Final Destination, Godzilla, Once upon a time in Hollywood
11/27/2020 17:50:07;58;Female;War;Torrent Sites;Gone Girl, Inception, The Godfather, Mission Impossible, Jurassic Park, Shawshank Redemption, Charlie and the Chocolate Factory
11/27/2020 17:51:22;29;Male;Avengers;Netflix;Inception, Captain America, Avenger - End Game, Logan, Guardians of the Galaxy, The Conjuring, The Dark Knight, Joker, John Wick, The Godfather, Mission Impossible, Lord of the Rings, Jurassic Park, Home Alone, Jumanji, Final Destination, Godzilla, The good, the bad, the ugly, Charlie and the Chocolate Factory
11/27/2020 17:55:43;58;Female;Inception;Torrent Sites;Gone Girl, Inception, The Godfather, Mission Impossible, Jurassic Park, Interstellar, Home Alone, Shawshank Redemption, Charlie and the Chocolate Factory, Casablanca
11/27/2020 18:09:49;22;Female;Joker;Online websites;Gone Girl, The Conjuring, Joker, Jurassic Park, Home Alone, Jumanji, Final Destination, Godzilla, Charlie and the Chocolate Factory
11/27/2020 18:19:24;;Male;The Imitation Game;Torrent Sites;Inception, Sicario, The Conjuring, John Wick, Mission Impossible, Jurassic Park, Interstellar, Home Alone, Jumanji
11/27/2020 18:32:57;21;Male;Interstellar ;Torrent Sites;Inception, Avenger - End Game, The Conjuring, The Dark Knight, Joker, Mission Impossible, Jurassic Park, Interstellar, Home Alone, Jumanji, Final Destination, Godzilla, The Wolf of Wall Street
11/27/2020 19:01:42;25;Male;Interstellar ;Torrent Sites;Inception, Captain America, Avenger - End Game, Logan, Guardians of the Galaxy, The Conjuring, The Dark Knight, Joker, The Godfather, Mission Impossible, Lord of the Rings, Gravity, Jurassic Park, Interstellar, Home Alone, Jumanji, Final Destination, Godzilla, Once upon a time in Hollywood
11/27/2020 19:11:57;20;Female;7 pounds;Netflix;7 pounds, Mission Impossible, Lord of the Rings, Gravity, Jurassic Park, Home Alone, Final Destination, 127 hours, Charlie and the Chocolate Factory
11/27/2020 19:48:06;22;Female;Final Destination ;Torrent Sites;The Conjuring, Joker, Mission Impossible, Gravity, Jurassic Park, Home Alone, Jumanji, Final Destination, Godzilla, Charlie and the Chocolate Factory
11/27/2020 19:48:09;27;Male;DJANGO UNCHAINED;Netflix;Inception, Avenger - End Game, Jumanji, 127 hours, Godzilla
11/27/2020 19:48:46;Asad samdani 29;Male;Hateful eight ;Torrent Sites;The Grand Budapest Hotel, Gone Girl, Inception, Captain America, Avenger - End Game, Logan, Guardians of the Galaxy, Sicario, The Conjuring, The Dark Knight, Joker, John Wick, Cloud Atlas, The Godfather, 7 pounds, Mission Impossible, Lord of the Rings, Gravity, Jurassic Park, Interstellar, Home Alone, Jumanji, Final Destination, 127 hours, Shawshank Redemption, Once upon a time in Hollywood, The good, the bad, the ugly, The Wolf of Wall Street, Charlie and the Chocolate Factory
11/27/2020 19:52:11;51;Male;Forest Gump;DVD;The Godfather, Lord of the Rings, Home Alone, The good, the bad, the ugly, Charlie and the Chocolate Factory
11/27/2020 19:54:06;34;Female;Iron Man;Mixed resources;Gone Girl, Captain America, Avenger - End Game, Logan, Guardians of the Galaxy, The Dark Knight, Joker, Mission Impossible, Lord of the Rings, Gravity, Jurassic Park, Home Alone, Jumanji, Final Destination, Shawshank Redemption, Charlie and the Chocolate Factory, Ghibli Studio movies
11/27/2020 19:58:27;29;Male;Na;Torrent Sites;Inception, Captain America, 127 hours
11/27/2020 20:01:40;41;Female;Speed;Torrent Sites;Gone Girl, Inception, Captain America, Avenger - End Game, The Dark Knight, Joker, John Wick, Mission Impossible, Lord of the Rings, Jurassic Park, Home Alone, Jumanji, Shawshank Redemption, The Wolf of Wall Street, Charlie and the Chocolate Factory
11/27/2020 20:04:44;33;Female;Gladiator ;Netflix;The Grand Budapest Hotel, Inception, The Conjuring, The Dark Knight, The Godfather, Mission Impossible, Jurassic Park, Home Alone, Jumanji, Final Destination, Godzilla, Shawshank Redemption, The Wolf of Wall Street, Charlie and the Chocolate Factory
11/27/2020 20:07:50;20;Female;Thor;Netflix;The Grand Budapest Hotel, Inception, Captain America, Avenger - End Game, Guardians of the Galaxy, The Conjuring, The Dark Knight, Joker, Mission Impossible, Lord of the Rings, Gravity, Jurassic Park, Interstellar, Home Alone, Jumanji, Shawshank Redemption, Charlie and the Chocolate Factory
11/27/2020 20:11:18;;Female;Indian movies... sone time english;Netflix;Captain America, Mission Impossible, Home Alone, Jumanji, Money hiest season
11/27/2020 20:11:30;19;Male;John Wick;Torrent Sites;Logan, The Dark Knight, John Wick, The Godfather, Mission Impossible, Lord of the Rings, Home Alone, Final Destination, Godzilla
11/27/2020 20:17:13;37;Female;Now you see me;Netflix, nayatel vod;Inception, Captain America, Avenger - End Game, Guardians of the Galaxy, The Dark Knight, Joker, The Godfather, Mission Impossible, Lord of the Rings, Jurassic Park, Interstellar, Home Alone, Jumanji, 127 hours, Godzilla, Shawshank Redemption, The good, the bad, the ugly, The Wolf of Wall Street, Charlie and the Chocolate Factory
11/27/2020 20:20:43;19;Female;World war Z;Netflix;Captain America, Avenger - End Game, Guardians of the Galaxy, The Conjuring, The Dark Knight, Joker, John Wick, Mission Impossible, Lord of the Rings, Gravity, Jurassic Park, Interstellar, Home Alone, Jumanji, Final Destination, Godzilla, Charlie and the Chocolate Factory
11/27/2020 20:21:03;21;Female;The cat in the hat;Netflix;Gone Girl, Inception, Captain America, Avenger - End Game, Guardians of the Galaxy, The Conjuring, The Dark Knight, John Wick, Gravity, Jurassic Park, Interstellar, Home Alone, Jumanji, Final Destination, Shawshank Redemption, The good, the bad, the ugly, Charlie and the Chocolate Factory
11/27/2020 20:25:23;28;Female;Harry Potter;Torrent Sites;Captain America, Home Alone, Jumanji, Final Destination, Shawshank Redemption, Charlie and the Chocolate Factory
11/27/2020 20:29:18;20;Male;Joker ;Netflix;Captain America, Avenger - End Game, Guardians of the Galaxy, Sicario, The Conjuring, The Dark Knight, Joker, John Wick, The Godfather, Mission Impossible, Gravity, Jumanji, Godzilla
11/27/2020 20:35:41;21;Female;Miracle in cell No. 7;Netflix;Gone Girl, Inception, Captain America, Avenger - End Game, The Conjuring, Nocturnal Animals, The Dark Knight, Joker, The Godfather, Mission Impossible, Lord of the Rings, Gravity, Interstellar, Home Alone, Jumanji, Final Destination, Godzilla, Shawshank Redemption, Once upon a time in Hollywood, The good, the bad, the ugly, The Wolf of Wall Street, Charlie and the Chocolate Factory
11/27/2020 20:41:00;21;Male;Harry Potter film series ;Torrent Sites;The Grand Budapest Hotel, Gone Girl, Inception, Captain America, Avenger - End Game, Guardians of the Galaxy, The Conjuring, The Dark Knight, Joker, John Wick, Mission Impossible, Lord of the Rings, Gravity, Interstellar, Home Alone, Jumanji, Final Destination, Godzilla, Shawshank Redemption, Once upon a time in Hollywood, The Wolf of Wall Street, Charlie and the Chocolate Factory
11/27/2020 20:42:14;22;Male;Interstellar ;Netflix;Gone Girl, Inception, Captain America, Avenger - End Game, Logan, Guardians of the Galaxy, The Conjuring, Nocturnal Animals, The Dark Knight, Joker, John Wick, The Godfather, 7 pounds, Mission Impossible, Lord of the Rings, Gravity, Jurassic Park, Interstellar, Home Alone, Jumanji, Final Destination, 127 hours, Godzilla, Shawshank Redemption, The good, the bad, the ugly, The Wolf of Wall Street, Charlie and the Chocolate Factory
11/27/2020 20:42:27;19;Male;Antonement;Netflix;The Conjuring, Mission Impossible, Jurassic Park, Home Alone, Final Destination
11/27/2020 20:43:31;20;Female;Salt;Torrent Sites;Inception, The Conjuring, The Dark Knight, Mission Impossible, Gravity, Home Alone, Jumanji, Final Destination, Godzilla, Charlie and the Chocolate Factory
11/27/2020 20:44:34;21;Female;Joker;Netflix;The Conjuring, Joker, Charlie and the Chocolate Factory
11/27/2020 20:54:58;19;Female;V for vendetta;Netflix;Captain America, Avenger - End Game, Sicario, The Conjuring, The Dark Knight, Joker, Mission Impossible, Lord of the Rings, Jurassic Park, Home Alone, Final Destination, Godzilla, Charlie and the Chocolate Factory
11/27/2020 20:58:20;19;Male;The shawshank redemption;Ask4movie.com;Inception, Captain America, Avenger - End Game, Logan, Guardians of the Galaxy, The Conjuring, The Dark Knight, Joker, John Wick, The Godfather, Mission Impossible, Jurassic Park, Interstellar, Home Alone, Jumanji, Final Destination, Shawshank Redemption, Once upon a time in Hollywood, The good, the bad, the ugly, The Wolf of Wall Street
11/27/2020 21:14:16;20;Male;The Conjuring;Netflix;Inception, Captain America, Avenger - End Game, Logan, Guardians of the Galaxy, The Conjuring, The Dark Knight, Joker, The Godfather, Mission Impossible, Lord of the Rings, Gravity, Jurassic Park, Interstellar, Home Alone, Jumanji, Final Destination, Godzilla, Once upon a time in Hollywood, The Wolf of Wall Street, Charlie and the Chocolate Factory
11/27/2020 21:14:53;18;Female;Harry potter series;Torrent Sites;Inception, Captain America, Avenger - End Game, Guardians of the Galaxy, The Conjuring, The Dark Knight, Joker, The Godfather, Mission Impossible, Lord of the Rings, Gravity, Jurassic Park, Home Alone, Jumanji, Final Destination, Godzilla, Charlie and the Chocolate Factory
11/27/2020 21:28:37;20;FEMALE;Interview with the vampire 1999 ;Watch online mostly, use Netflix if tired;The Grand Budapest Hotel, Inception, Captain America, The Conjuring, The Dark Knight, Joker, John Wick, Mission Impossible, Lord of the Rings, Jurassic Park, Home Alone, Jumanji, Final Destination, The Wolf of Wall Street, Charlie and the Chocolate Factory
11/27/2020 22:15:17;45;Female;Avtar;Torrent Sites;Captain America, Avenger - End Game, Guardians of the Galaxy, The Conjuring, Mission Impossible, Jurassic Park, Home Alone, Final Destination, Godzilla, Charlie and the Chocolate Factory
11/27/2020 22:48:00;25;Male;3 idiots came first in mind;Torrent Sites;Gone Girl, Inception, Captain America, Avenger - End Game, Logan, Guardians of the Galaxy, The Conjuring, The Dark Knight, Joker, The Godfather, Mission Impossible, Lord of the Rings, Interstellar, Home Alone, Final Destination, Godzilla, Shawshank Redemption, Once upon a time in Hollywood, The good, the bad, the ugly, The Wolf of Wall Street, Charlie and the Chocolate Factory, Tons more
11/27/2020 22:48:07;40;Male;The Shawshank Redemption;Torrent Sites;Inception, Captain America, Avenger - End Game, Guardians of the Galaxy, The Godfather, Mission Impossible, Lord of the Rings, Gravity, Jurassic Park, Interstellar, Home Alone, Jumanji, Final Destination, Godzilla, Shawshank Redemption, Once upon a time in Hollywood, The good, the bad, the ugly, The Wolf of Wall Street, Charlie and the Chocolate Factory
11/27/2020 22:52:35;38;Male;Shaw shank redemption ;Torrent Sites;The Grand Budapest Hotel, Inception, Captain America, The Conjuring, The Godfather, Mission Impossible, Lord of the Rings, Gravity, Jurassic Park, Interstellar, Home Alone, Jumanji, Final Destination, Godzilla, Shawshank Redemption, The good, the bad, the ugly, The Wolf of Wall Street
11/27/2020 23:00:58;38;Female;Beauty and the beast ;Netflix;Inception, Captain America, Avenger - End Game, Logan, Guardians of the Galaxy, The Conjuring, The Dark Knight, Mission Impossible, Lord of the Rings, Gravity, Jurassic Park, Home Alone, Jumanji, Final Destination, Godzilla, Shawshank Redemption, The Wolf of Wall Street, Charlie and the Chocolate Factory
11/27/2020 23:06:01;39;Female;1917;Netflix;Inception, Captain America, Avenger - End Game, Logan, Guardians of the Galaxy, The Conjuring, The Dark Knight, Joker, 7 pounds, Mission Impossible, Lord of the Rings, Gravity, Jurassic Park, Interstellar, Home Alone, Jumanji, Final Destination, Godzilla, Shawshank Redemption, The Wolf of Wall Street, Charlie and the Chocolate Factory
11/27/2020 23:09:33;28;Male;Wednesday ;Torrent Sites;Inception, Captain America, Logan, The Conjuring, Joker, Mission Impossible, Lord of the Rings, Jurassic Park, Interstellar, Home Alone, Jumanji, Final Destination, Godzilla, Shawshank Redemption
11/27/2020 23:11:11;21;Female;The last blood ;DVD;Avenger - End Game, The Conjuring, Mission Impossible, Lord of the Rings, Jurassic Park, Home Alone, Jumanji, Final Destination
11/27/2020 23:20:07;38;Female;Movana;Netflix;127 hours
11/27/2020 23:49:31;27;Male;The perfume ;Vitmade;Avenger - End Game
11/27/2020 23:58:57;20;FEMALE;Interview with the vampire 1999 ;Watch online mostly, use Netflix if tired;The Grand Budapest Hotel, Inception, Captain America, The Conjuring, The Dark Knight, Joker, John Wick, Mission Impossible, Lord of the Rings, Jurassic Park, Home Alone, Jumanji, Final Destination, The Wolf of Wall Street, Charlie and the Chocolate Factory
11/28/2020 0:28:58;40;Female;Next three days;Netflix;Captain America, Avenger - End Game, The Conjuring, The Dark Knight, Joker, The Godfather, Mission Impossible, Lord of the Rings, Jurassic Park, Home Alone, Final Destination, Godzilla, Shawshank Redemption, Charlie and the Chocolate Factory
11/28/2020 0:53:53;59;Female;Bin Roye;Netflix;Mission Impossible
11/28/2020 0:56:34;35;Male;Everest ;Torrent Sites;Jurassic Park
11/28/2020 1:27:55;19;Male;Antonement;Netflix;The Conjuring, Mission Impossible, Jurassic Park, Home Alone, Final Destination
11/28/2020 1:29:43;30;Female;IT and IT Chapter 2;Torrent Sites;The Conjuring, The Godfather, Gravity, Jurassic Park, Home Alone, Jumanji, 127 hours, Godzilla, Charlie and the Chocolate Factory, Titanic, Eat Pray Love, P.S. I Love You
11/28/2020 1:42:57;42;Male;Bridge of spies;Netflix;Logan, Joker, The Godfather, Interstellar, Home Alone, Shawshank Redemption, Once upon a time in Hollywood, The good, the bad, the ugly, The Wolf of Wall Street
11/28/2020 3:15:51;32;Female;Key;DVD;Inception, Captain America, Logan, Guardians of the Galaxy, The Conjuring, The Dark Knight, Joker, Mission Impossible, Gravity, Jurassic Park, Interstellar, Home Alone, Final Destination, Godzilla, Shawshank Redemption, The Wolf of Wall Street, Charlie and the Chocolate Factory
11/28/2020 4:17:16;37;Female;Home alone;Netflix;The Grand Budapest Hotel, Gone Girl, Inception, Captain America, Avenger - End Game, Logan, Guardians of the Galaxy, Sicario, The Conjuring, Nocturnal Animals, The Dark Knight, Joker, John Wick, Cloud Atlas, The Handmaiden, The Godfather, 7 pounds, Mission Impossible, Lord of the Rings, Gravity, Jurassic Park, Interstellar, Home Alone, Jumanji, Final Destination, 127 hours, Godzilla, Shawshank Redemption, Once upon a time in Hollywood, The good, the bad, the ugly, The Wolf of Wall Street, Charlie and the Chocolate Factory
11/28/2020 11:13:27;26;Male;I am not fond of watching movies;If I watch any movie, I see it online;Joker
11/28/2020 11:38:15;25;Male;Oculus and hangover ;Netflix;Inception, Captain America, Avenger - End Game, Logan, Guardians of the Galaxy, The Conjuring, The Dark Knight, Joker, John Wick, The Godfather, Mission Impossible, Lord of the Rings, Gravity, Jurassic Park, Interstellar, Home Alone, Jumanji, Final Destination, 127 hours, Godzilla, Shawshank Redemption, The Wolf of Wall Street, Charlie and the Chocolate Factory
11/28/2020 13:00:08;28;Male;Non;Torrent Sites;Captain America, Avenger - End Game, The Dark Knight, Joker, John Wick, Mission Impossible, Lord of the Rings, Gravity, Jurassic Park, Interstellar, Jumanji, Final Destination, Godzilla
11/28/2020 13:00:43;23;Male;American pie;Torrent Sites;The Dark Knight, Joker, John Wick, The Godfather, Mission Impossible, Lord of the Rings, Jurassic Park, Home Alone, Jumanji, Final Destination, The Wolf of Wall Street, Charlie and the Chocolate Factory
11/28/2020 14:04:53;22;Male;Iron Man;Netflix;Inception, Captain America, Avenger - End Game, Logan, Guardians of the Galaxy, The Conjuring, The Dark Knight, Joker, John Wick, Mission Impossible, Gravity, Jurassic Park, Interstellar, Home Alone, Jumanji, Final Destination, 127 hours, Godzilla, The Wolf of Wall Street
11/28/2020 14:10:57;32;Male;Enemy at the Gates;Torrent Sites;The Godfather, Mission Impossible, Jumanji, Godzilla, The Wolf of Wall Street
11/28/2020 14:16:17;21;Female;Joker;Netflix;Gone Girl, Captain America, Avenger - End Game, The Dark Knight, Joker, The Godfather, Lord of the Rings, Charlie and the Chocolate Factory
11/28/2020 14:16:41;23;Male;Toy story and home alone ;Youtube , TV;The Dark Knight, Charlie and the Chocolate Factory
11/28/2020 14:20:34;21;Male;Mission Impossible;Torrent Sites;Captain America, Avenger - End Game, Joker, Mission Impossible, Lord of the Rings, Home Alone
11/28/2020 15:06:09;20;Female;Kabir Singh ❤️;YouTube mostly and 123 movies ;Problem child and iron man
11/28/2020 15:06:37;18;Male;Joy;Netflix;Joker
11/28/2020 15:07:04;20;Female;Interm;Netflix;Charlie and the Chocolate Factory
11/28/2020 15:35:17;20;Male;Batman Series;Netflix;Captain America, Avenger - End Game, Logan, Guardians of the Galaxy, The Conjuring, The Dark Knight, Joker, John Wick, The Godfather, 7 pounds, Mission Impossible, Lord of the Rings, Jurassic Park, Interstellar, Home Alone, Jumanji, Final Destination, Godzilla, Shawshank Redemption, The Wolf of Wall Street
11/28/2020 15:40:36;34;Male;Pulp fiction;Torrent Sites;Captain America, Avenger - End Game, Logan, Guardians of the Galaxy, The Dark Knight, John Wick, Mission Impossible, Home Alone, Jumanji, Shawshank Redemption, Charlie and the Chocolate Factory
11/28/2020 15:43:49;34;Male;the irishman;most of them;Joker, The Godfather, Mission Impossible, Shawshank Redemption, The good, the bad, the ugly, The Wolf of Wall Street
11/28/2020 15:50:17;35;Male;Peaky blinders;Netflix;Captain America, Avenger - End Game, The Dark Knight, John Wick, The Godfather, Mission Impossible, Lord of the Rings, Jurassic Park, Home Alone, The good, the bad, the ugly, The Wolf of Wall Street, Charlie and the Chocolate Factory
11/28/2020 15:58:52;20;Male;Batman Series;Netflix;Captain America, Avenger - End Game, Logan, Guardians of the Galaxy, The Conjuring, The Dark Knight, Joker, John Wick, The Godfather, 7 pounds, Mission Impossible, Lord of the Rings, Jurassic Park, Interstellar, Home Alone, Jumanji, Final Destination, Godzilla, Shawshank Redemption, The Wolf of Wall Street
11/28/2020 15:59:44;20;Male;Batman Series;Netflix;Captain America, Avenger - End Game, Logan, Guardians of the Galaxy, The Conjuring, The Dark Knight, Joker, John Wick, The Godfather, 7 pounds, Mission Impossible, Lord of the Rings, Jurassic Park, Interstellar, Home Alone, Jumanji, Final Destination, Godzilla, Shawshank Redemption, The Wolf of Wall Street
11/28/2020 16:01:28;22;Male;Avengers;Netflix;Inception, Captain America, Avenger - End Game, Logan, Guardians of the Galaxy, The Conjuring, Nocturnal Animals, The Dark Knight, Joker, John Wick, The Godfather, Mission Impossible, Lord of the Rings, Gravity, Jurassic Park, Interstellar, Home Alone, Jumanji, Final Destination, 127 hours, Godzilla, Shawshank Redemption, Once upon a time in Hollywood, The good, the bad, the ugly, The Wolf of Wall Street, Charlie and the Chocolate Factory
11/28/2020 16:11:41;35;Male;Peaky blinders;Netflix;Captain America, Avenger - End Game, The Dark Knight, John Wick, The Godfather, Mission Impossible, Lord of the Rings, Jurassic Park, Home Alone, The good, the bad, the ugly, The Wolf of Wall Street, Charlie and the Chocolate Factory
11/28/2020 16:29:06;20;Male;Batman Series;Netflix;Captain America, Avenger - End Game, Logan, Guardians of the Galaxy, The Conjuring, The Dark Knight, Joker, John Wick, The Godfather, 7 pounds, Mission Impossible, Lord of the Rings, Jurassic Park, Interstellar, Home Alone, Jumanji, Final Destination, Godzilla, Shawshank Redemption, The Wolf of Wall Street
11/28/2020 17:18:03;22;Female;Animated movies;youtube, dailymotion;animated movies
11/28/2020 17:40:29;22;Female;2006-2020;Torrent Sites;The Conjuring, Joker, Lord of the Rings, Jurassic Park, Home Alone, Jumanji, Charlie and the Chocolate Factory
11/28/2020 21:04:43;21;Female;3 idiots;Torrent Sites;Captain America, Avenger - End Game, Guardians of the Galaxy, The Dark Knight, Joker, The Handmaiden, Lord of the Rings, Jurassic Park, Home Alone, Jumanji, Godzilla
11/29/2020 10:50:38;21;Male;not a habit of watching movies;youtube;not specific but watch clips on youtube when got time 
11/29/2020 12:59:07;23;Male;Batman The Dark knight;Netflix;The Grand Budapest Hotel, Inception, Captain America, Avenger - End Game, Logan, Sicario, The Conjuring, The Dark Knight, Joker, John Wick, The Godfather, Mission Impossible, Lord of the Rings, Jurassic Park, Interstellar, Home Alone, Jumanji, Final Destination, 127 hours, Godzilla, Shawshank Redemption, The good, the bad, the ugly, The Wolf of Wall Street, Charlie and the Chocolate Factory
11/29/2020 16:48:39;21;Female;midnight sun;Netflix;Inception, Captain America, Guardians of the Galaxy, The Conjuring, The Dark Knight, Joker, 7 pounds, Lord of the Rings, Jurassic Park, Interstellar, Home Alone, Jumanji, Final Destination, Once upon a time in Hollywood, Charlie and the Chocolate Factory
11/30/2020 8:45:01;21;Male;Home alone;Netflix;Avenger - End Game, The Conjuring, The Dark Knight, Joker, John Wick, Mission Impossible, Home Alone, The good, the bad, the ugly, The Wolf of Wall Street
11/30/2020 11:46:37;40;Female;Duma;Netflix;Mission Impossible, Jurassic Park, Home Alone, Jumanji, Final Destination, Godzilla, Charlie and the Chocolate Factory
11/30/2020 13:06:24;20;Male;Batman Series;Netflix;Captain America, Avenger - End Game, Logan, Guardians of the Galaxy, The Conjuring, The Dark Knight, Joker, John Wick, The Godfather, 7 pounds, Mission Impossible, Lord of the Rings, Jurassic Park, Interstellar, Home Alone, Jumanji, Final Destination, Godzilla, Shawshank Redemption, The Wolf of Wall Street
11/30/2020 18:23:42;21;Female;Bol;Torrent Sites;Inception, Avenger - End Game, The Conjuring, Jurassic Park, Jumanji, Godzilla, Charlie and the Chocolate Factory
12/1/2020 0:10:17;20;Female;The Lion King;Youtube;Home Alone
12/1/2020 10:17:27;23;Male;The Dark Knight Rises;Netflix;The Grand Budapest Hotel, Inception, Captain America, Avenger - End Game, Guardians of the Galaxy, Sicario, The Conjuring, The Dark Knight, Joker, John Wick, The Godfather, Mission Impossible, Lord of the Rings, Jurassic Park, Interstellar, Home Alone, Jumanji, Final Destination, 127 hours, Godzilla, Shawshank Redemption, The good, the bad, the ugly, The Wolf of Wall Street
12/1/2020 10:18:10;25;Male;Shutter Island;Torrent Sites and Netflix both;Gone Girl, Inception, Captain America, Avenger - End Game, Logan, Guardians of the Galaxy, Sicario, The Conjuring, The Dark Knight, Joker, John Wick, The Godfather, Mission Impossible, Lord of the Rings, Gravity, Jurassic Park, Interstellar, Home Alone, Jumanji, Final Destination, 127 hours, Godzilla, Shawshank Redemption, The Wolf of Wall Street, Charlie and the Chocolate Factory, Too many
12/1/2020 10:18:28;22;Female;Money Heist;Netflix;Inception, The Conjuring, Joker, Mission Impossible, Lord of the Rings, Home Alone, Final Destination, Charlie and the Chocolate Factory
12/1/2020 10:19:51;23;Male;the Da-Vinci Code;Netflix;Inception, Captain America, Avenger - End Game, Logan, Guardians of the Galaxy, The Conjuring, The Dark Knight, Joker, John Wick, The Godfather, 7 pounds, Mission Impossible, Lord of the Rings, Gravity, Jurassic Park, Interstellar, Home Alone, Jumanji, Final Destination, Godzilla, Once upon a time in Hollywood, The good, the bad, the ugly, The Wolf of Wall Street, Charlie and the Chocolate Factory
12/1/2020 10:22:16;22;Male;I dont watch movies. ;None;None
12/1/2020 10:22:20;22;Male;Band baja barat;Netflix;Band baja barat wrong no etc
12/1/2020 10:25:03;23;Female;Lucy;Netflix;Gone Girl, Captain America, Avenger - End Game, Logan, The Conjuring, Joker, John Wick, The Godfather, 7 pounds, Mission Impossible, Lord of the Rings, Jurassic Park, Interstellar, Home Alone, Final Destination, 127 hours, Godzilla, Once upon a time in Hollywood, The Wolf of Wall Street, Charlie and the Chocolate Factory
12/1/2020 10:25:40;25;Male;Interstellar;Netflix;The Grand Budapest Hotel, Gone Girl, Inception, Captain America, Avenger - End Game, Logan, Joker, The Handmaiden, The Godfather, Gravity, Jurassic Park, Interstellar, Home Alone, Godzilla, The good, the bad, the ugly, Charlie and the Chocolate Factory
12/1/2020 12:50:27;29;Male;The pursuit of happiness;Netflix;The Grand Budapest Hotel, Gone Girl, Inception, Avenger - End Game, Logan, Sicario, The Dark Knight, Joker, John Wick, The Godfather, Mission Impossible, Lord of the Rings, Gravity, Jurassic Park, Interstellar, Home Alone, Jumanji, Final Destination, 127 hours, Godzilla, Shawshank Redemption, The Wolf of Wall Street, Charlie and the Chocolate Factory, The pursuit of happiness, ready me, queens gambit
12/1/2020 14:00:29;23;Male;The machinist ;Torrent Sites;Inception, Captain America, Avenger - End Game, The Conjuring, The Dark Knight, Mission Impossible, Lord of the Rings, Jurassic Park, Jumanji, 127 hours, Shawshank Redemption, The Wolf of Wall Street
12/1/2020 14:01:09;22;Male;Harry Potter series;Torrent Sites;Inception, The Dark Knight, John Wick, The Godfather, Mission Impossible, Lord of the Rings, Jurassic Park, Home Alone, Jumanji, Final Destination, Godzilla, Once upon a time in Hollywood, The Wolf of Wall Street, Charlie and the Chocolate Factory
12/1/2020 14:13:44;74;Male;Chichore;Netflix most probably and if the movie is not available on netflix then online links;Inception, Captain America, Avenger - End Game, Sicario, The Conjuring, The Dark Knight, Joker, John Wick, The Godfather, Mission Impossible, Lord of the Rings, Gravity, Jurassic Park, Interstellar, Home Alone, Jumanji, Final Destination, 127 hours, Godzilla, Shawshank Redemption, The Wolf of Wall Street, Charlie and the Chocolate Factory
12/1/2020 14:14:56;21;Male;Fast and Furious series;Netflix;Inception, Captain America, Avenger - End Game, Logan, Guardians of the Galaxy, Sicario, The Conjuring, Nocturnal Animals, The Dark Knight, Joker, John Wick, The Godfather, Mission Impossible, Lord of the Rings, Gravity, Jurassic Park, Interstellar, Home Alone, Jumanji, Final Destination, 127 hours, Godzilla, Shawshank Redemption, The Wolf of Wall Street, Charlie and the Chocolate Factory
12/1/2020 14:31:50;21;Male;The notebook (2004). The hangover ;Netflix;Gone Girl, Inception, Captain America, Avenger - End Game, Logan, Guardians of the Galaxy, The Conjuring, The Dark Knight, Joker, John Wick, The Godfather, Mission Impossible, Lord of the Rings, Jurassic Park, Interstellar, Home Alone, Jumanji, Final Destination, 127 hours, Godzilla, Shawshank Redemption, Once upon a time in Hollywood, The Wolf of Wall Street
12/1/2020 14:32:43;21;Female;The hangover ;Netflix;Inception, The Conjuring, Joker, Mission Impossible, Jurassic Park, Home Alone, Jumanji, Final Destination, Charlie and the Chocolate Factory
12/1/2020 14:41:40;22;Female;Paranoia;Netflix;Gone Girl, Inception, Avenger - End Game, Logan, The Conjuring, The Dark Knight, Joker, John Wick, The Godfather, Mission Impossible, Lord of the Rings, Jurassic Park, Interstellar, Home Alone, Final Destination, The Wolf of Wall Street, Charlie and the Chocolate Factory
12/1/2020 14:41:43;21;Female;none;Netflix;The Conjuring, Jurassic Park, Home Alone, Final Destination
12/1/2020 14:43:35;21;Female;The Fault in Our Stars;Netflix;Gone Girl, Captain America, The Conjuring, Joker, Jurassic Park, Home Alone, Jumanji, Godzilla, The Wolf of Wall Street, Charlie and the Chocolate Factory
12/1/2020 15:03:17;21;Female;kal ho na ho;Youtube;Charlie and the Chocolate Factory
12/1/2020 15:10:54;21;Male;mirzapur;Netflix;The Dark Knight
12/1/2020 15:11:30;21;Female;I dnt like movies ;In past , i prefer to watch movies on tv;Home Alone, Charlie and the Chocolate Factory
12/1/2020 15:11:49;21;Male;Captain america;Netflix;Inception, Captain America, Mission Impossible, Lord of the Rings
12/1/2020 15:13:04;21;Male;Jhon Wick;Torrent Sites;Inception, Captain America, Avenger - End Game, Logan, Guardians of the Galaxy, Sicario, The Conjuring, The Dark Knight, Joker, John Wick, The Godfather, Mission Impossible, Lord of the Rings, Jurassic Park, Home Alone, Jumanji, Final Destination, 127 hours, Godzilla, Shawshank Redemption, Once upon a time in Hollywood, The good, the bad, the ugly, The Wolf of Wall Street, Charlie and the Chocolate Factory
12/1/2020 15:13:10;21;Female;Mirzaapur;Torrent Sites;Avenger - End Game
12/1/2020 15:13:39;20;Female;Harry Potter;Netflix;The Conjuring, Joker, Home Alone, Jumanji, Final Destination, The Wolf of Wall Street, Charlie and the Chocolate Factory
12/1/2020 15:13:49;Eman Khan;Female;Transformers;Netflix;Inception, The Conjuring, The Dark Knight, Joker, 7 pounds, Mission Impossible, Gravity, Jurassic Park, Home Alone, Jumanji, Final Destination, Godzilla
12/1/2020 15:14:07;22;Female;Jurassic Park;Youtube, Torrent Sites, CD;Jurassic Park, Home Alone
12/1/2020 15:34:29;23;Female;Avengers;Chrome;Avenger - End Game, The Conjuring, Lord of the Rings, Jurassic Park, Home Alone, Jumanji, Final Destination, Charlie and the Chocolate Factory
12/1/2020 15:35:44;24;Male;Perfume;Netflix;Inception, Captain America, Avenger - End Game, The Conjuring, The Dark Knight, Joker, Mission Impossible, Home Alone, Final Destination
12/1/2020 15:39:25;22;Female;Maleficent;Torrent Sites;Joker, Shutter Island, How to train your dragon etc
12/1/2020 15:44:45;22;Male;Baghi;DVD;The Dark Knight, Once upon a time in Hollywood
12/1/2020 15:46:40;23;Male;Sureyavenshum;Youtube;Mission Impossible
12/1/2020 15:47:14;23;Female;Charlie and the Chocolate Factory ;Torrent Sites;The Conjuring, Home Alone, Final Destination, 127 hours, Charlie and the Chocolate Factory
12/1/2020 16:01:01;22;Female;Joker;Torrent Sites;The Grand Budapest Hotel, Captain America, Avenger - End Game, The Dark Knight, Joker, The Godfather, Mission Impossible, Lord of the Rings, Jumanji, Final Destination, The Wolf of Wall Street
12/1/2020 16:07:39;22;Female;The maze runner;Online websites;Logan, Guardians of the Galaxy, Gravity, Jurassic Park, Interstellar, Home Alone, Final Destination, Lucy, twilight
12/1/2020 16:14:36;20;Female;None;Netflix;Gone Girl, Inception, The Conjuring, Joker, The Godfather, Mission Impossible, Final Destination, Charlie and the Chocolate Factory
12/1/2020 16:25:53;21;Female;Fault in our stars;Torrent Sites;The Conjuring, Home Alone, Fault in our stars ,The count of monte cristo
12/1/2020 16:35:28;23;Male;The batman trilogy;Torrent Sites;Gone Girl, Inception, Captain America, Avenger - End Game, Logan, Guardians of the Galaxy, The Dark Knight, Joker, The Godfather, Mission Impossible, Home Alone, Jumanji, Final Destination, 127 hours, Once upon a time in Hollywood, The Wolf of Wall Street, Charlie and the Chocolate Factory
12/1/2020 17:20:27;21;Female;Persuit of happiness;Netflix;Inception, Avenger - End Game, The Conjuring, The Dark Knight, Joker, 7 pounds, Mission Impossible, Gravity, Interstellar, Home Alone, Final Destination, 127 hours, Charlie and the Chocolate Factory
12/1/2020 17:40:27;22;Male;Band baja barat;Netflix;Band baja barat wrong no etc
12/1/2020 19:22:53;24;Female;Note book;Torrent Sites;Avenger - End Game, The Conjuring, Home Alone
12/1/2020 21:25:17;23;Male;3 idiots ;No one ;Captain America, Avenger - End Game, John Wick, Mission Impossible
12/1/2020 21:29:54;21;Female;3 idiots , Raksaw ridge ;Netflix;Inception, The Conjuring, The Dark Knight, Joker, Mission Impossible, Lord of the Rings, Gravity, Jurassic Park, Interstellar, Jumanji, Final Destination, Once upon a time in Hollywood, The Wolf of Wall Street, Charlie and the Chocolate Factory
12/2/2020 1:11:58;21;Male;Captain america;Netflix;Inception, Captain America, Mission Impossible, Lord of the Rings
12/2/2020 1:53:33;20;Female;None;Netflix;Gone Girl, Inception, The Conjuring, Joker, The Godfather, Mission Impossible, Final Destination, Charlie and the Chocolate Factory
12/2/2020 11:18:54;20;Female;midnight sun;Torrent Sites;Final Destination
12/3/2020 1:10:14;23;Female;Can’t name one;Netflix;Gone Girl, The Conjuring, Nocturnal Animals, The Dark Knight, Joker, 7 pounds, Mission Impossible, Lord of the Rings, Home Alone, Jumanji, Final Destination, The Wolf of Wall Street, Charlie and the Chocolate Factory
12/5/2020 14:50:02;20;Female;inception;Torrent Sites;Inception, Joker, Mission Impossible, Jurassic Park, Final Destination, no country for old men, transporter, red eye , money heist
12/7/2020 11:24:35;21;Male;Captain america;Netflix;Inception, Captain America, Mission Impossible, Lord of the Rings
12/11/2020 11:47:15;21;Female;Baby days out;Netflix;The Conjuring, Joker
12/11/2020 11:47:32;20;Male;DEVDAS;DVD;The Wolf of Wall Street
12/11/2020 11:47:43;19;Female;World war z;Netflix;Avenger - End Game, Guardians of the Galaxy, The Conjuring, The Dark Knight, Joker, John Wick, Mission Impossible, Lord of the Rings, Gravity, Jurassic Park, Interstellar, Home Alone, Jumanji, Final Destination, Godzilla, Charlie and the Chocolate Factory
12/11/2020 11:48:21;19;Male;The imitation game;Torrent Sites;Inception, Captain America, Avenger - End Game, Logan, Guardians of the Galaxy, The Conjuring, The Dark Knight, Joker, John Wick, Mission Impossible, Lord of the Rings, Jurassic Park, Interstellar, Home Alone, Jumanji, Final Destination, 127 hours, Godzilla
12/11/2020 11:48:49;20;Female;The crazy rich asians;Websites;Captain America, The Conjuring, Nocturnal Animals, The Dark Knight, Mission Impossible, Lord of the Rings, Gravity, Jurassic Park, Interstellar, Home Alone, Jumanji, Final Destination, Godzilla, Charlie and the Chocolate Factory, Five feet apart 
12/11/2020 11:48:50;21;Female;Lord of the Rings;DVD;The Grand Budapest Hotel, Inception, Captain America, Avenger - End Game, Guardians of the Galaxy, The Conjuring, The Dark Knight, Joker, Mission Impossible, Lord of the Rings, Gravity, Jurassic Park, Interstellar, Home Alone, Jumanji, Shawshank Redemption, Charlie and the Chocolate Factory
12/11/2020 11:49:08;19;Female;pk;laptop;Joker
12/11/2020 11:50:09;20;Male;Joker ;Netflix;Captain America, Avenger - End Game, Guardians of the Galaxy, The Dark Knight, Joker, The Godfather, Jumanji, Final Destination, Godzilla
12/11/2020 11:50:33;19;Male;Catch me if you can;Torrent Sites;Interstellar, Home Alone, The Wolf of Wall Street
12/11/2020 11:51:45;19;Male;The Exam;Torrent Sites;Inception, Captain America, Avenger - End Game, Logan, Guardians of the Galaxy, The Conjuring, The Dark Knight, Joker, John Wick, Mission Impossible, Lord of the Rings, Gravity, Jurassic Park, Interstellar, Home Alone, Jumanji, Final Destination, 127 hours, Godzilla, Charlie and the Chocolate Factory
12/11/2020 20:19:56;;Male;Hera pheri;Torrent Sites;Inception, Captain America, Avenger - End Game, Guardians of the Galaxy, The Conjuring, The Dark Knight, Joker, Mission Impossible, Jurassic Park, Interstellar, Home Alone, Jumanji, Final Destination, Godzilla
